rmse,mse,evs,mae,msle,meae,r_square
99.01321477704286,9803.61670048482,0.8170249716456275,92.3932131376076,0.15241058270391086,99.3342169995467,-0.41567489557500226
