Unnamed: 0,rmse,mse,evs,mae,msle,meae,r_square
0.0,0.7851409834203152,0.6164463638462198,-0.2590252451614932,0.7561696608887208,0.0003625356168560681,0.6953667777231658,-16.380858937882646
,0.627257914487457,0.3934524912871539,-1.85325379206948,0.5406072798167164,0.00023081834848839454,0.7382466840099369,-10.093491098159
,31.315986992896903,980.6910413392881,0.9965595578231811,18.631893567207637,0.0008034809823479881,7.080702753737569,0.9962949981315617
