rmse,mse,evs,mae,msle,meae,r_square
2.168290984870701,4.701485795071553,0.9962074389306169,1.1258007277853,0.00018534149861552013,0.5265262490954967,0.9962072131649468
