rmse,mse,evs,mae,msle,meae,r_square
75.39166621840154,5683.9033351868675,0.46147349288323236,68.3622070059165,0.19159197534935382,60.100664226838475,-2.029090841891801
