rmse,mse,evs,mae,msle,meae,r_square
27.456049588259862,753.8346589929846,0.9045948846542292,26.63175384676294,0.0276224392950678,26.563807710147984,-0.6131151173755625
