rmse,mse,evs,mae,msle,meae,r_square
50.40641361678926,2540.806533706838,0.9615967565396388,43.0236130640093,0.0019488828824355043,40.39186431715473,0.8904613753498838
