actual,predictions
40.4900016784668,39.626487529060455
40.83000183105469,40.01111916521643
40.38999938964844,40.250346797552766
40.38999938964844,40.15534042406286
